id,text,label
ES_000,Brayard: Los nazis quisieron ocultar el exterminio de los jud√≠os alemanes @elobrerodigital https://t.co/OqWGeWTPrQ #23F #EG28A #GolpeDeEstado23F #ApuntaMiNombreVox #Desahucios #Manifiesto #PartidoComunista #Marxismo,1
ES_001,Vegi l'acte nazi en un hospital p√∫blic de la Generalitat. Est√° todo en el Programa 2000 de Jordi Pujol. Tambi√©n el uso de los hospitales para difundir nacionalismo. En el Hospital Cl√≠nico... https://t.co/uGlxkGy6iZ,0
ES_002,"@InesArrimadas Sin referendum, como sabes que son millones de catalanes constitucionalistas? Curioso. Quiz√° es que has ido a millones de casas a preguntar, cierto? A Bruselas puedes contar lo que quieras, s√≥lo faltar√≠a! Veremos que caso te hacen. Quiz√° all√≠ tambi√©n hay millones de los tuyos.",1
ES_003,"Felipe Gonz√°lez impartiendo lecciones de democracia a los venezolanos. De la ‚ÄúOTAN de entrada no‚Äù, la X del GAL, Intxaurrondo, Galindo, Juan Guerra, Luis Rold√°n, Filesa, Garz√≥n y el Banco de Espa√±a no le han preguntado. Qu√© raro. https://t.co/CMxM7NxvYp",1
ES_004,"@GNoub @lemonlemonlimon @oriolguellipuig Eso lo hace Espa√±a y cualquier CCAA, enchufan en altos cargos a los amiguetes afines y cuando se cambia de gobierno, si es otro partido, los destituyen para colocar a los suyos, cosa que est√° mal, pero se hace y Catalunya no es una excepci√≥n...menuda purga hizo Puigdemont!",0
ES_005,En Espa√±a somos tan Fascistas que: - Se hacen homenajes p√∫blicos a terroristas. - Un padre no puede llevar flores a su hija porque un ni√±ato no dice donde esta el cad√°ver. - Asaltan nuestra frontera y agreden a nuestros cuerpos de seguridad. - Son legales partidos separatistas,0
ES_006,"El ba√±o de Declaraciones de Enric Millo en el Juicio Farsa... ...Es que le gusta mucho usar Fairy , hace m√°s espuma. #Millo #judicifarsa #absoluci√≥ https://t.co/F4hxAq9d8I",1
ES_007,La UE veta la fusi√≥n entre Siemens y Alstom y enfurece Alemania y Francia https://t.co/m4EMUy0aLe,2
ES_008,Leed a Don Julio que sabe de lo que habla en relaci√≥n a temas publicitarios sobre los que han declarado testigos est√° tarde. üëá #JuicioDelProces https://t.co/KrjzDceW11,0
ES_009,"Quim Torra acusa a Tajani, presidente de la Euroc√°mara, de protagonizar ‚Äúuna de las acciones m√°s antidemocr√°ticas: violar el principio de la libertad de expresi√≥n‚Äù y de ser un t√≠tere de la derecha. Tiene gracia viniendo del gremlin de Puigdemont. https://t.co/sz2uD18eb8",0
ES_010,"RT @LpgpLuis: En PODEMOS la voz la tenemos los inscritos, aunque esto moleste y mucho a la caverna medi√°tica. #LaPatriaSonPersonas https://‚Ä¶",1
ES_011,"RT @CaraotaDigital: Duque recibi√≥ credenciales de embajador venezolano de Guaid√≥ en #Bogot√° ,, https://t.co/EcrMRPc6hE",2
ES_012,"Oriol Junqueras, candidato de la alianza europea de partidos independentistas https://t.co/bxXIHLn9EM",2
ES_013,"Ahora que leo esto de Ra√ºl Romeva he recordado una cosa: mientras los medios espa√±oles criticaban que los independentistas estuvieran al lado de un coche de la guardia civil abierto y con armas, dejar un coche as√≠ era infracci√≥n de los agentes. https://t.co/Yt3upNTHUC",1
ES_014,RT @ciruela_negra: Pablo Hasel en solidaridad con Abimael Guzm√°n y los presos pol√≠ticos del Per√∫. @PabloHasel https://t.co/lxSIxFWBJB,1
ES_015,La Che-neralitat y sus amigos est√°n tan acostumbrados a su mafieta y a que no haya separaci√≥n de poderes que Chordi Xanxez se ha olvidado que Espa√±a es una democracia y ya ha dictado sentencia absolutoria... para qu√© esperar al juez? Si es que no se les puede sacar de su cortijo https://t.co/QJ6y4eQdk7,0
ES_016,Los procesados tienen la misma desventaja de tener que usar el castellano para declarar que el alumno que tiene que resolver ecuaciones matem√°ticas en catalan. #JuicioProces,0
ES_017,@rogertorrent ha convertido el #Parlament en el club privado de los separatistas e impide que el partido m√°s votado en Catalu√±a defienda a todos los catalanes. https://t.co/jo7LCgCDXX,0
ES_018,@Capitan23875159 @enSergioles @J_Zaragoza_ Reino Unido. Ya te ir√°s enterando. Por eso Puigdemont y el Consell de la Rep√∫blica tienen puertas abiertas en Westminster. https://t.co/NKIKXvzh0c,1
ES_019,"Nunca ser√° patriota quien se debe a los bancos, quien acepta sin rechistar el austericidio de Bruselas, quien no invierte en sanidad y educaci√≥n, quien no quiere acabar con el art. 135 que nos quit√≥ la soberan√≠a. #LaPatriaSonPersonas",1
ES_020,#URGENTE por si no lo vio!??? @NicolasMaduro reconoce a Juan Guaido @jguaido como presidente interino de Venezuela y lo acusa mas bien de no haber llamado a elecciones #AunqueUstedNoLOCrea y via @venevision RT @partidoPSUV #6FEB https://t.co/nlTpANwFw6,2
ES_021,"Si queremos una Espa√±a en la que quepamos todos #elecciones2019votoderechas #28abrilElecciones Estos impresentables, mienten, por sus actos les conocemos, solo quieren el poder, sin importarles la ruptura de nuestro Estado de Derecho. üëáüëá https://t.co/cljt74rmsg",0
ES_022,"@milobanos Para nosotros la mejora es la independencia. Lo siento, no creemos en el estado espa√±ol ni lo consideramos nuestro. El punto de no retorno ya se pas√≥.",1
ES_023,"Desde esta cuenta les pido a mis seguidores M√ÅXIMA DIFUSI√ìN. ? Domingo, 12:00 horas. ? Plaza Col√≥n de Madrid. Manifestaci√≥n contra S√°nchez convocada por VOX, PP Y CIUDADANOS. #Espa√±anoserompe #SanchezDimisi√≥n #EleccionesYa #Espa√±aEnLibertad ¬°ESPA√ëA PIDE ELECCIONES! https://t.co/UXKfKtDi5O",0
ES_024,"Espa√±a repite en la √©lite de pa√≠ses con mayor respeto por los derechos pol√≠ticos. Supera a Francia, Reino Unido, Italia y EEUU en libertades civiles, seg√∫n el informe de Freedom House relativo a 2018. #CumpleLaLey #LaSilenciosaCat #EleccionesYa https://t.co/N075ninQVF",0
ES_025,RT @elclubdelahucha: Un discurso responsable y sosegado por parte de @sanchezcastejon qu√© falta nos hace! #S√°nchezEnRTVE,0
ES_026,Florentino P√©rez a favor de la independencia de Catalu√±a. Es la unica forma de ganar la liga . Ha dicho.,1
ES_027,"#LaPatriaSonPersonas por eso el 28 de Abril, un partido animalista, le dar√° el sorpasso al partido de personas. Ya carga incluso el PACMA contra Podemos. Viene el sorpasso. https://t.co/VAUXMogcyG",0
ES_028,#Trapote Cortando las carreteras el #1oct y coacci√≥n y agresi√≥n a quienes protestan. ¬øSon estas las barricadas sobre las que interroga el letrado #Pina? Gusto en complecerle. #JuicioDelProces https://t.co/tIqWarjq6A,0
ES_029,"Parece orgulloso de amenazar en el turno de palabra de un pleno de distrito. Mientras afila sus colmillos o hace otras cosas poco √∫tiles, desde Ciudadanos seguimos trabajando para una mejor sociedad, tanto barcelonesa como catalana, espa√±ola y europea #NoNosCallar√°n https://t.co/tWfFdmQ0Mo",0
ES_030,"El domingo en la manifestaci√≥n de Col√≥n, espero que no haya banderas de partidos pol√≠ticos, ni de PP, Cs, VOX entre otras.. La √∫nica bandera debe ser la de Espa√±a https://t.co/XfV02Q772T",0
ES_031,"II*II Felipe VI, Premio Mundial de la Paz y la Libertad ????????????? Que pena de IDIOTAS ¬°¬° Turull Fiscal Omnium #FelizMartes #JudiciTV3CatR√†dio #JudiciProc√©s #judicialademocracia #judici1O https://t.co/yxdUW18NEE",1
ES_032,Arrimadas tiene un par de ovarios y muy claro que hay que defender la democracia espa√±ola y europea https://t.co/8Foup8uRJT,0
ES_033,Tres congresistas recuerdan la muerte de una ni√±a guatemalteca durante el discurso de Trump https://t.co/uS1XcXSKGf,2
ES_034,"RT @marisolrofe: Casado es un crack, tiene un m√°ster en ‚Äúc√≥mo mentir sin despeinarse y quedarse tan ancho‚Äù. #CaraDeCementoArmado https://t‚Ä¶",2
ES_035,@okdiario 'gorrillas' ¬øeh @abalosmeco ? ... no os basta con ser los mamporreros del separatismo si no que adem√°s menosprecias a los ciudadanos que hacen el trabajo que se niega a realizar la administraci√≥n p√∫blica que pagamos con nuestros impuestos. Sois unos sinverg√ºenzas #EleccionesYa,0
ES_036,"PP, Cs y Vox apoyan que la Generalitat devuelva parte de los 'Papeles de Salamanca'. Tambi√©n piden que no se hagan m√°s entregas a los separatistas que quieren romper la unidad de Espa√±a https://t.co/OeuaO7oBkx",2
ES_037,"@elsa_artadi Ahora como no hay presupuestos y llegar√°n las retallades, yo creo que lo que procede es abrir el parlament aprob√°is una subida salarial para el govern y lo volv√©is a cerrar otro a?ito",0
ES_038,"Bea Taleg√≥n dice que Jos√© Antonio Nieto miente al Supremo en su declaraci√≥n. O sea, que dice la verdad. #JuicioProc√©s https://t.co/m3RrFbB9lv v√≠a @diario_16",0
ES_039,"üîµ ¬°ACTO DE VOX EN GERONA! üìÜ S√ÅBADO 9 DE MARZO üìçPLA√áA DE CAN PATRAC 1, 17190 SALT. üïú18:30H ‚úÖ ¬°No te lo puedes perder, ven a ver la #EspanaViva en Gerona üá™üá∏! #VOXSaleaGanar #VoxExtremaNecesidad #NoHablesEnMiNombre #YoNoVoy8M https://t.co/y58TTpdtxw",0
ES_040,"@xriusenoticies Claro que no. En Teo va al juzgado lo dec√≠a claramente: Haz un refer√©ndum cuando quieras, que no es delito... Si te llega alg√∫n aviso legal, ni caso.... https://t.co/yK57ByVUuq",0
ES_041,Los secesionistas catalanistas est√°n haciendo de matones difundiendo la imagen y los datos de la secretaria judicial para demostrar que no son unos matones.,0
ES_042,"Los mismos fascistas que promovieron el veto al acto del leg√≠timo MHP Carles Puigdemont y del MHP Quim Torra en el Parlamento Europeo la semana pasada, tomando su misma medicina en Venezuela, siendo retenidos y expulsados por el gobierno de Nicol√°s Maduro. A tomar viento... https://t.co/wqVYaR4WMP",1
ES_043,"Pregunta m√°s interesante para m√≠, podr√© verlo y vivirlo? Y la humanidad como reaccionar√°,salvaremos la tierra y nos salvaremos de tirarnos por el precipicio?mientras tanto en mi mundo los pol√≠ticos y los chorizos, incendiando la convivencia en mi pa√≠s,no ven k el futuro viene",1
ES_044,"Vaya zascas de Turull a la fiscalia. Este juicio no se aguanta por ningun lado, vaya persecuci√≥n de ideas. #JuicioProces #inquisici√≥nespa√±olaatope",1
ES_045,La Constituci√≥n de la rep√∫blica catalana contemplaba prohibir los partidos no independentistas https://t.co/A8I44TaWSO,0
ES_046,"TIC tac TIC tac #inesssss ! Cuidaooo!! Que venen drones indepes a tot arreu üòÇüòÇ Bonito d√≠a te ha quedado hoy, jefa üôÑüôÑüôäüôä @jcanadellb https://t.co/xoHR1rxrgP",1
ES_047,"Recuerdo que no pod√≠a trabajar, no me concentraba, no dejaba de leer peri√≥dicos, entrar en Twitter. Hice acopio de comida. Llamaban los clientes y, con los que sab√≠a que eran no indepes, no habl√°bamos de otra cosa. Recuerdo el ruido constante de los helic√≥pteros. A todas horas",1
ES_048,? Vuelve a escuchar #LaFirma de @abarceloh25: S√°nchez le compra los argumentos a los independentistas ?? https://t.co/ZgQ0TyANtu https://t.co/1zGm2wFH9M,0
ES_049,RT @cridaperlleida: Puedo preguntar por el 20 de septimebre y 1 de octubre se√±or√≠a? No. No puede #JuficiFarsa,1
ES_050,@JulioMurillo57 @CCivicaCatalana Y es lengua ‚Äúoficial‚Äù en la Casa Blanca. En EEUU no tienen ‚Äúlengua oficial‚Äù en su constituci√≥n. Pero cada estado decide. En algunos estados el espa√±ol es oficial,0
ES_051,"Los votantes de C's son gilipollas, no lo digo yo, lo deja muy claro un asesor de Arrimadas y con su carcajada ella lo confirma. https://t.co/SomqZq1SiV",1
ES_052,"Casi todos los medios convencionales evitan mentarlo o directamente lo niegan, pero el meollo del #JuicioProc√©s ya no es dirimir si hubo rebeli√≥n, sino salir del embrollo sin acabar de hundir la credibilidad del Supremo. @ctxt_es ‚Üíhttps://t.co/DrXUWBiaJB https://t.co/YDI9WZnfvI",1
ES_053,"¬´Cuando los nazis vinieron a por los comunistas, guard√© silencio, porque yo no era comunista. Cuando encarcelaron a los sindicalistas, guard√© silencio, porque yo no era sindicalista...¬ª Martin Niem√∂ller Yo nunca voy a guardar silencio... #ApuntaMiNombreVox https://t.co/BNMZnVWasX",1
ES_054,"@jonathanmartinz Estos unionistas no para de cagarla hoy este, ayer el del lanzamiento de murallas humanas, m√°s la pava del Borell... https://t.co/s1uEaF1Lg8",1
ES_055,#Pol√≠tica | The Economist sugiere un indulto a los pol√≠ticos presos (si son condenados) para evitar una mancha en la democracia de Espa√±a https://t.co/AcMuM6YYDh,0
ES_056,"Si no que maduro internamente la decisi√≥n mediante los datos que voy obteniendo. Para asumir si es un baj√≥n an√≠mico, o realmente me estoy metiendo en un callej√≥n sin salida. Y si termina siendo lo segundo: informo de la decisi√≥n tomada. Empezando un nuevo camino.",2
ES_057,@crpandemonium Jajaja ... el c√©lebre ‚Äúp√≠o p√≠o yo no he sido‚Äù .. se est√° poniendo de moda en el Juicio a los golpistas ...,0
ES_058,"7. Atentos al testimonio en el Supremo ma√±ana, porque la Fiscal√≠a (aqu√≠ en la AN), dice que en esa reuni√≥n del 28-S, los representantes del Gobierno catal√°n informaron que el refer√©ndum se iba a celebrar en cualquier caso y que necesariamente los Mossos no iba a cumplir. https://t.co/sEKP2SOOFL",0
ES_059,"No haya justicia con CATALU√ëA,por los palos k nos dieron ser√© independentista y depende de lo k dictaminen en esta farsa de juicio,lo ser√© siempre,el hermano k abuse de otro hermano m√≠o , ser√° mi enemigo,",1
ES_060,"B√©, toca fil sobre els piolindos de jusapol que vindr√†n el 29S. Tot es p√∫blic i res de lo que publico es con √†nimo de odio o persecuci√≥n o discriminaci√≥n o similar (aviso a xivatas montaquerellas) Vindr√†n en autocars... #OmplimSantJaume29s https://t.co/AbLUDsnufC",1
ES_061,"Lo que mola, por cierto, es seguidamente ver a Garicano y algunos coleguillas de la compa√±√≠a #MoreEurope saliendo inmediatamente a defender el silenciamiento porque la democracia, la ley y los Pok√©mon tipo tierra. Se les notan mucho sus profundas convicciones no-nacionalistas.",2
ES_062,"@agarzon Pues mira que es f√°cil de entender, quiz√°s necesit√°is que te metan a ti en prisi√≥n y que @Pablo_Iglesias_ se tenga que exiliar para abrir los ojos. No hay peor ciego que el que no quiere ver. #Francoland #Autodeterminaci√≥No√âsDelicte",1
ES_063,"Hoy para mi ha sido un d√≠a especial a causa de #SiguemeYTeSigoVOX m√°s de cien seguidores a los que he tratado de seguir, si hay alguno que por despiste no haya seguido, hag√°melo saber.",0
ES_064,"Dice el Sr. Roger Torrent que volveran a votar, y yo le digo que si, pero bajo el marco constitucional y la legalidad vigente. Porque yo estar√© pendiente que as√≠ sea. #jacobialcalde #Barcelona #Espa√±a #unioneuropea https://t.co/104LSr8v86",0
ES_065,"La Ley de Dependencia, todos hemos oido hablar de ella, pero... ¬øen qu√© consiste? ¬øqui√©n puede acogerse a ella? ¬øqu√© beneficios tiene? https://t.co/G4Bh8KRVT0 #Dependencia #Discapacidad #Independencia",1
ES_066,"Qu√© calladitos est√°is, golpistas fascistas....no os est√° gustando mucho el juicio, ehhhhhhh??? Golpistas, fascistas y violentos.....sois m√°s chulos que un ocho üëèüëèüëè",0
ES_067,Ada Colau no participar√° en el besamanos al rey con motivo de la cena del Mobile World Congress por considerar que es un acto de pleites√≠a y vasallaje impropio de una democracia del siglo XXI . https://t.co/0zsElNdE8V #FelizMartes,1
ES_068,"Para la derechona espa√±ola, PP, C¬¥s y VOX, y a tenor de como denominan a los independentistas catalanes el refer√©ndum escoc√©s fue un GOLPE DE ESTADO ya que atentaba contra la UNI√ìN del Reino Unido... en cerebros simples las cosas siempre se simplifican mucho.",1
ES_069,"@bombers_man @tolanda10 @quimforn Ha estado genial @quimforn, le ha dado mil vueltas a la fiscalia! Nuestros presos pol√≠ticos y exiliados son muy inteligentes, son un orgullo. Joder para q los tengan cerrados, no hay derecho!.",1
ES_070,@carlesenric Insin√∫as que los pol√≠ticos que van en contra de la independencia tienen una vida tranquila?. Espera que me r√≠a üòÇ Como se nota que t√∫ no das mitings con gente grit√°ndote y insult√°ndote. En la etapa profesional de In√©s anterior a la pol√≠tica te aseguro que viv√≠a m√°s tranquila.,1
ES_071,ENCUESTA | ¬øCrees que el juicio est√° teniendo un 'efecto bumerang' para el Estado? #JuicioProc√©s https://t.co/6DQxr7PYdq,1
ES_072,@EnricMillo un escudo humano y llevaba una botella de fairy en el caminador! #MilloMentider https://t.co/3xA9QFwpsd,1
ES_073,RT @panximay: @apuente Correcto. Organizar un refer√®ndum no es delito. Se ha dicho hasta la saciedad y siguen insistiendo en eso,1
ES_074,"@superwomanroja @rgh58882 #Persecuci√≥n #Dictadura #thisIsTheRealSpain #Catalanofobia #inquisitiontocat #FakeJustice #SpainIsAFascistState Constituci√≥n Espa√±ola Sagrada. Pero qu√© le den por culo a la Constituci√≥n Venezolana, golpe de estado por democr√°cia petrol era ???????????????? https://t.co/aFm29sKXP6",1
ES_075,"#OPINI√ìN @LaVanguardia ‚ÄúEl independentismo no est√° preparado para hacer frente a un pacto PSOE-Cs: no es bueno ni lo bastante malo‚Äù , por @fmarcalvaro https://t.co/hcAEHomNaf https://t.co/zPH8BE2s4b",1
ES_076,"@GuajeSalvaje Yo creo que lo que habria que hacer es no darle mas publicidad a estos cobardes, viven de ello. Si en verdad hay un 155, hay que declararlos ilegales y vetar sus apariciones publicitarias en todos los medios",0
ES_077,"@protestona1 Lo que deja patidifuso es la urgente y obsesiva necesidad que ten√©is de justificar la anti democracia, la xenofobia, el supremacismo, y la insolidaridad de un movimiento que por la fuerza y cobardemente intenta pasar por los derechos de la mayor√≠a (53%) de catalanes. As√≠ os va. https://t.co/nYUCpgDYp8",0
ES_078,"@BeatrizTalegon @lozanoirene Habr√° que explicarte a ti que es algo que se llama riesgo de fuga. La manada sin pasaporte lo tienen m√°s dif√≠cil para fugarse. Los pol√≠ticos presos, ya se ha demostrado con la facilidad que huyen cual gallinas que van a poner huevos. Pero bueno. La verdad no te interesa.",0
ES_079,"Fuera el comunismo de Am√©rica, de Europa y de todo el mundo Fuera los comunistas chavistas de Espa√±a: ilegalizaci√≥n de PODEMOS y sus nuevas marcas blanqueadas como AHORA MADRID Cuando gobierne @vox_es los ilegalizar√° junto a separatistas y proetarras https://t.co/fF7Tpe9l4c",0
ES_080,üî¥ El independentismo acosa a la secretaria judicial que declar√≥ hoy ante el Tribunal Supremo desvelando su imagen en las redes https://t.co/uurcOR0Zi7,0
ES_081,"Puigdemont recuerda, ante la angustia que sufri√≥ la secretaria judicial el 20-S, el recibimiento del conseller Forn en el aeropuerto del Prat https://t.co/kudAbgYbhW",1
ES_082,RT @jm_clavero: Sant Jaume crida BARCELONA √âS LA TOMBA DEL FEIXISME (Barcelona es la tumba del fascismo),1
ES_083,Ekaizer: El abogado de Forn ha desmontado el relato de las acusaciones #JuicioProc√©s https://t.co/LXCeYgRdck,1
ES_084,?? @junqueras: He asumido ir a la c√°rcel y no poder expresarme durante un a√±o y medio. Pero cada vez que tenga ocasi√≥n insistir√© en que esta es una cuesti√≥n pol√≠tica que exige una soluci√≥n pol√≠tica #JunquerasAcusa #JudiciAlaDemocr√†cia https://t.co/YRhwKzY2MG,1
ES_085,@alfrejimglez Empec√© a comentar en el Mundial de Brasil 2014 hasta hoy,2
ES_086,"Despu√©s de escuchar a Roger Torrent ayer, @rogertorrent , creo que debe ser de @vox_es ...por que vamos, tengo cada vez m√°s claro que en el Parlament de Catalunya @govern debe existir una fuerza como VOX para molestar a los independentistas.",0
ES_087,@JoelJoanJuve De lo √∫nico que hab√©is conseguido la independencia es de vuestras neuronas üòÇ. Sois el hazmerre√≠r del mundo.,0
ES_088,"@vincinalle @eduardoinda @junqueras @marianorajoy @jaimedeolano @lore9876 @LaRetuerka @AntonioRNaranjo @lapaseata Esperemos que el Tribunal no se crea lo de buena persona , y que tiembla todo √©l por arrepentimiento...porque LO VOLVER√çA A HACER. TONELADAS de Ley sobre golpistas.",0
ES_089,Dise√±√≥ la web Pacte per al referendum No recuerda preguntas que le hace la fiscal üòÅüòÅ Y dice que al final la web no se parec√≠a en nada a lo que hab√≠a hecho. Era la dise√±adora.. Protesta Pina....Marchena echando la siesta,1
ES_090,Esta entrevista a @alfonslopeztena . desnuda las mentiras de los expresidentes del Parlament en el #JuicioProces üëáüèºüëáüèºüëáüèº https://t.co/icuxYpPVHw,0
ES_091,RT @PilarHLuc: El preso pol√≠tico Oriol Junqueras ante el Tribunal de la Santa Inquisici√≥n #JunquerasAcusa #JudiciFARSA https://t.co/y9FZ7j‚Ä¶,1
ES_092,"En Catalunya antes los artistas q nos representaban eran: Monserrat, Josep Carreras, Serrat... y ahora @valtonyc en Catalunya los pol√≠ticos buenos se van Xavi Dom√®nech, y los tr√°sfugas se quedan @AlbanoDante76",0
ES_093,"#Puigdemont ha dicho que ve raro que, despu√©s de recorrer m√°s de 1.300 kil√≥metros, #Arrimadas no cubra los √∫ltimos metros para entrar en una casa que sabe que tiene las puertas abiertas #Waterloo https://t.co/yDlNzIXV6z",2
ES_094,"La Europa de JUNCKER, TAJANI y TUSK va camino de convertirse en un continente de miseria y deshumanizaci√≥n, donde la extrema derecha y hasta el fascismo volver√°n a crear el caos.",1
ES_095,RT @RaholaOficial: Qu√© HDP!: La jefa de @EspanaGlobal compara el refer√©ndum con una violaci√≥n https://t.co/aGhIyVZbGv,1
ES_096,Gracias Presidente por no olvidar a mi hermano el Diputado @JuanRequesens y a los m√°s de 850 presos pol√≠ticos! Pronto los veremos libres a todos. https://t.co/jBcDHpoZAB,0
ES_097,Aqu√≠ faltan sillas para el banco de los acusados!! Ni un pas enrere!! #joacuso #JudiciFarsa #judiciProc√©s #FelizLunes #RepublicaCatalana #FreeTothom https://t.co/ojimUMZKdv,1
ES_098,RT @BenetBeca: El Eurodiputado que invit√≥ a Puigdemont a Bruselas denuncia intimidaciones https://t.co/is9kUnsrdL v√≠a @cataladigitalok,1
ES_099,@RicardAris Has dicho Cup.. no trasgiverses lo dicho.. y si no has entendido que Erc ya no es independentista... es que sigues poco el juicio y menos la sociedad catalana.,0
